Date,Headline,Category,Company,Country,Keyword,Ticker Symbol,Price Moment,Beta,Company Cap
27-Feb-23,"Anheuser-Busch InBev move to local production has not impacted Stella Artois US sales, analysts say","Sales, Marketing & Advertisement",Anheuser-Busch InBev NV/SA,United States,consumer backlash,,,,
14-Feb-23,Walmart 'kicks back at CPG manufacturers over price hikes'," Sales, Marketing & Advertisement",Walmart Inc,United States,consumer backlash,,,,
15-Sep-22,"H&M Group, Decathlon in new green claims commitment to avoid misleading consumers", Business Expansion, Decathlon SA, Netherlands,consumer backlash,,,,
07-Sep-22,SAC explores how to communicate green data with consumers,Economy & Industry,Sustainable Apparel Coalition,United States,consumer backlash,,,,
18-May-22,FANUC America to introduce new DR-3iB/6 STAINLESS delta robot for primary food handling at Automate 2022,"Development, Launch & Termination",FANUC America Corp,United States,consumer backlash,,,,
13-Aug-21,Beijing accelerates plan to keep smart car data in China,Economy & Industry,Tesla Inc,China,consumer backlash,,,,
25-Jun-21,Digital and DTC enable Nike to bounce back,Financial Announcements,NIKE Inc,United States,consumer backlash,,,,
23-Mar-21,"Impact Acquires Trackonomics, Boosts Publisher Commerce Content Capabilities",M&A,Impact Radius Inc, United States,consumer backlash,,,,
02-Mar-21,Primark supply chain ethics second-to-none say analysts,Operations Update, Associated British Foods Plc,United Kingdom,consumer backlash,,,,
23-Sep-20,Facial recognition startup NtechLab scoops $15m for market expansion,Equity Offering,NtechLab,Russia,consumer backlash,,,,
14-Apr-20,Westman Products converts liquid manufacturing facility to make spray hand sanitizer,Operations Update,"Westman Products, LLC",United States,consumer backlash,,,,
19-Oct-18,Unilever sales lifted by Europe’s warm summer and Brazil recovery,Financial Announcements, Unilever Plc,Netherlands,consumer backlash,,,,
01-Dec-16,"The Alliance for Solar Choice: Illinois Energy Bill Passes Without Anti-Solar, Anti-Consumer Provisions",Operations Update,The Alliance for Solar Choice,United States,consumer backlash,,,,
28-Apr-15,"UK: New Jaguar XE now available to order from starting price of GBP26,990","Development, Launch & Termination",Tata Motors Ltd,,consumer backlash,,,,
,,,,,,,,,
09-May-22,"Revolt Motors opens its first store in Bihar, India",Business Expansion,Revolt Motors,India,Consumer revolt,,,,
17-Mar-22,CEX.IO wins ‘Best Overall DeFi Platform’ in 2022 FinTech Breakthrough Awards,Awards & Recognition,CEX.IO Ltd,United Kingdom,Consumer revolt,,,,
28-Feb-22,MAGNA hosts 2nd annual Equity Upfront focused on deep engagement and collaboration with diverse-owned media companies in 2022 and beyond,"Sales, Marketing & Advertisement",IPG Mediabrands,United States,Consumer revolt,,,,
30-Nov-21,ALYI electric vehicle ecosystem expands reach with cryptocurrency,Operations Update,Alternet Systems Inc,United States,Consumer revolt,,,,
23-Sep-21,ALYI expands EV sales into Ethiopia and could exceed 2021 $2 million revenue target,Business Expansion,Alternet Systems Inc, Ethiopia,Consumer revolt,,,,
07-Sep-21,ALYI Revolt token democratized EV ecosystem expected to generate over $1 million in revenue by year end,Business Expansion,Alternet Systems Inc,United States,Consumer revolt,,,,
24-Aug-21,ALYI announces expansion of EV Rideshare Business Pilot to Ethiopia,Business Expansion,Alternet Systems Inc, Ethiopia,Consumer revolt,,,,
19-Oct-20,"Loop Media acquires audio discovery platform Spkr; announces formation of Loop Media Studios to be run by television, radio, and digital veteran Andy Schuon",M&A,Loop Media Inc,United States,Consumer revolt,,,,
24-Sep-20,Comcast and REVOLT reach agreement to expand network’s availability to millions more viewers in over 30 markets, Contracts & Tenders, Comcast Corp,United States,Consumer revolt,,,,
01-Jul-20,ALYI - Alternet announces partial prefunding in conjunction with $25 Million investment deal,Business Expansion,Alternet Systems Inc,Kenya,Consumer revolt,,,,
04-Jun-20,SEB Alliance invests in CASTALIE,M&A, SEB Alliance,France,Consumer revolt,,,,
02-Apr-19,ALYI courts $20 Million Electric Vehicle Order, Contracts & Tenders,Alternet Systems Inc,United States,Consumer revolt,,,,
14-Mar-19,ALYI – Alternet Systems expands Electric Vehicle Reach to $24 Billion Electric Bicycle Market,Business Expansion,Alternet Systems Inc,United States,Consumer revolt,,,,
26-Feb-19,"ALYI - Alternet Systems, Inc. targets growing electric vehicle rideshare trend that includes Lyft and Uber", Partnerships, Alternet Systems Inc,United States,Consumer revolt,,,,
11-Feb-19,"Alternet Systems confirms additional $500,000 in orders", Partnerships,Alternet Systems Inc,United States,Consumer revolt,,,,
11-Feb-19,Bevy acquires CMX to Address Growing Demand for Real-Life Social Networks,M&A," Bevy, Inc.",United States,Consumer revolt,,,,
25-Sep-18,Alternet Systems announces 25 ReVolt electric motorcycle order to support Austin Texas shared ride pilot, Partnerships, Austin Energy,United States,Consumer revolt,,,,
16-May-18,Alternet Systems to Introduce ReVolt Electric Motorcycles Through $10 Billion Pop-Up Shop Industry,Operations Update,Alternet Systems Inc,United States,Consumer revolt,,,,
08-Dec-17,Revolut launches cryptocurrency trading,Strategic Actions,Revolut Ltd,United Kingdom,Consumer revolt,,,,
,,,,,,,,,
23-Mar-23,Amazon rolls out contactless tech to 200 locations,"Sales, Marketing & Advertisement",Amazon.com Inc,United States,customer backlash,,,,
14-Feb-23,Walmart 'kicks back at CPG manufacturers over price hikes'," Sales, Marketing & Advertisement",Walmart Inc,United States,customer backlash,,,,
14-Oct-22,PayPal to ride out social media backlash over misinformation policy change,Regulatory Actions,PayPal Holdings Inc,United States,customer backlash,,,,
29-Jun-22,H&M Group must boost fashion credentials to offset Covid impact,Financial Announcements,H & M Hennes & Mauritz AB,Sweden,customer backlash,,,,
20-Jun-22,For Payloads of up to 100 Kilograms: Schaeffler Presents Precision Planetary Gear Units for Industrial Robots,"Development, Launch & Termination",Schaeffler Technologies AG & Co KG,Germany,customer backlash,,,,
06-Apr-22,Comau introduces its N-220-2.7 new generation robot to unlock higher performance and cost-effective automation,"Development, Launch & Termination",Comau S.p.A.,Italy,customer backlash,,,,
24-Jan-22,Schaeffler Group acquires Melior Motion GmbH and strengthens robotics business,M&A,Schaeffler AG,Germany,customer backlash,,,,
20-Jan-22,"Amazon Style: Will customers get into a ""magic wardrobe"" leading to a new retail world?",Operations Update,Amazon.com Inc,United States,customer backlash,,,,
17-Sep-21,Sintercom India announces development of cam to cam scissor gear,"Development, Launch & Termination",,India,customer backlash,,,,
20-Jul-21,"Korea bank challenger KakaoBank insists its IPO is not ""overvalued""",Equity Offering,KakaoBank Corp,South Korea,customer backlash,,,,
13-May-21,Tesla gives China's new data security proposal a big like,Operations Update,Tesla Inc,China,customer backlash,,,,
12-Apr-21,Woolworths switches paper bag production from China,Operations Update,Woolworths Group Ltd,China,customer backlash,,,,
28-May-20,Movista helps track and report on employee health through the COVID-19 pandemic,"Sales, Marketing & Advertisement",Movista Inc,United States,customer backlash,,,,
19-Feb-20,Amazon Ring doorbells make two-factor authentication mandatory,"Development, Launch & Termination",Amazon Web Services Inc,United States,customer backlash,,,,
16-Jan-19,"AdRoll integrates with BigCommerce and Yotpo, enhances suite of online marketing tools to engage customers", Business Expansion, BigCommerce Pty Ltd, Israel,customer backlash,,,,
23-Nov-18,Amazon re-opens US store to Australians,Operations Update,Amazon.com Inc, Australia,customer backlash,,,,
16-Apr-18,American Apparel returns to UK after two years,Strategic Actions,"American Apparel, Inc.",United Kingdom,customer backlash,,,,
31-Jan-18,"Kurita Water Industries Reports Earnings for the Nine Months Ended December 31, 2017",Financial Announcements,Kurita Water Industries Ltd,Japan,customer backlash,,,,
13-Oct-17,WITTENSTEIN to exhibit mechatronic drive systems at SPS IPC DRIVES in Nuremberg,"Sales, Marketing & Advertisement",WITTENSTEIN aerospace & simulation Inc.,Germany,customer backlash,,,,
19-Jul-17,Wittenstein to showcase new solutions at EMO 2017,"Sales, Marketing & Advertisement", WITTENSTEIN alpha GmbH,Germany,customer backlash,,,,
07-May-17,Orbit wins contract for AL-4012 digital tracking pedestal systems and control units, Partnerships,ORBIT Communication Systems Ltd,Israel,customer backlash,,,,
,,,,,,,,,
07-Mar-23,Development of the Wasserkamp Urban Quarter A Blueprint for Green Housing with Public Participation,Operations Update,Drees & Sommer Infra Consult & Management,Germany,Public outcry,,,,
01-Sep-22,Rural mural makeover for railway bridge after village campaign,Operations Update,Network Rail Ltd,United Kingdom,Public outcry,,,,
12-Jul-22,China promises repayment to bank customers hit by scam after protests,Economy & Industry,,China,Public outcry,,,,
30-Mar-22,Data Privacy in Banking: Regulatory trends,Economy & Industry,,Global,Public outcry,,,,
20-Dec-21,Parler expands business into decentralized technology,Business Expansion,,United States,Public outcry,,,,
12-Feb-21,Kern County Planning Commission votes in favor of gas and oil ordinance despite public outcry,Regulatory Actions,Kern County,United States,Public outcry,,,,
05-Jan-21,France promises to speed up vaccination process after barely 500 vaccinated in first six days,Economy & Industry,Government of France,France,Public outcry,,,,
19-Sep-20,U.S. reverses COVID-19 testing guidance again: exposed without symptoms need tests,Economy & Industry,U.S. Centers for Disease Control and Prevention,United States,Public outcry,,,,
10-Aug-20,An entire John Nash-designed terrace in London’s Regent’s Park comes to the open market,Operations Update, Savills Plc,United Kingdom,Public outcry,,,,
08-Jul-20,BPD deploys Axon Records,Operations Update,Axon Enterprise Inc,United States,Public outcry,,,,
16-Jun-20,Cboe Global Markets reopens Cboe Options Exchange trading floor in Chicago,Operations Update,"Cboe Global Markets, Inc",United States,Public outcry,,,,
07-Nov-19,NID Board of Directors approves negotiations with PG&E that could lead to local control of electrical distribution,Legal, Nevada Irrigation District,United States,Public outcry,,,,
23-Aug-19,Brian Maule at le Chardon D’or removes fioe gras from menu,Operations Update,Brian Maule Restaurant,United Kingdom,Public outcry,,,,
29-Jul-19,"GitHub Pulls Plug on Iranian Repos, Sparks Outcry from Developers",Operations Update, GitHub Inc,United States,Public outcry,,,,
03-Dec-18,Tax on plastic packaging: Government set to target difficult-to-recycle materials,Economy & Industry,,United Kingdom,Public outcry,,,,
28-Nov-17,President Maduro names Ysmel Serrano as new executive vice president of PDVSA,Management Changes,Petroleos de Venezuela SA,Venezuela,Public outcry,,,,
,,,,,,,,,
23-May-23,Pipe17 announces launch of Pipe17 3PL Connectivity Suite,"Development, Launch & Termination",,United States,Customer dissatisfaction,,,,
22-Feb-23,kornit digital ltd. shareholder class action alert: Bernstein Liebhard llp reminds investors of the deadline to file a lead plaintiff motion in a securities class action lawsuit against Kornit digital ltd.,Legal, Bernstein Liebhard LLP, Israel,Customer dissatisfaction,,,,
15-Feb-23,Sandvine announces launch of new AppLogic product,"Sales, Marketing & Advertisement",Sandvine Corp,Canada,Customer dissatisfaction,,,,
06-Oct-22,Sana Announces Results of 2022 SMB Employer Benefits Survey: Many Companies Plan to Reduce Expenses by Finding Cheaper Insurance, Economy & Industry,Sana Benefits Inc,United States,Customer dissatisfaction,,,,
20-Jul-22,Toyota partners with Stripe to assist auto mechanics and promote environmental sustainability, Business Expansion, Stripe Inc,Japan,Customer dissatisfaction,,,,
13-Jun-22,Braze Reports Fiscal First Quarter 2023 Results,Financial Announcements,Braze, Australia,Customer dissatisfaction,,,,
10-May-22,Jamf Announces First Quarter 2022 Financial Results,Financial Announcements,Jamf Holding Corp, United States,Customer dissatisfaction,,,,
27-Apr-22,L’Atelier Animation teams with Qumulo for animation success, Business Expansion,Qumulo Inc,United States,Customer dissatisfaction,,,,
19-Apr-22,Pollen Mobile closes seed funding round for its next-generation decentralized wireless network,Equity Offering,,United States,Customer dissatisfaction,,,,
18-Apr-22,"SpartanNash Reaffirms Significant Operational Success, Strong Financial Results and Enhanced Board and Leadership Team as Winning Recipe for Shareholders",Financial Announcements, SpartanNash Co, Iraq,Customer dissatisfaction,,,,
15-Feb-22,"Uptime Institute launches Standardized, Comprehensive Infrastructure Risk Assessment for the financial sector"," Sales, Marketing & Advertisement","Uptime Institute, Inc.",United States,Customer dissatisfaction,,,,
03-Feb-22,Genpact joins hands with Claim Genius to future proof claims management for P&C insurers, Partnerships, Claim Genius Inc, United States,Customer dissatisfaction,,,,
31-Aug-21,AGL employees go digital with new iOS app and SAP BTP,"Sales, Marketing & Advertisement", SAP SE,Australia,Customer dissatisfaction,,,,
26-Aug-21,Windstream Enterprise introduces unlimited cellular broadband,"Sales, Marketing & Advertisement",Windstream Enterprise LLC,United States,Customer dissatisfaction,,,,
27-Jul-21,Excitel Broadband unites with Aprecomm to revolutionize internet experiences, Business Expansion, Aprecomm,India,Customer dissatisfaction,,,,
14-Jul-21,Grand opening of America at home study concept home “Barnaby” reflects national homebuyer preferences in the wake of COVID-19,Operations Update, Barnaby Cardwell,United States,Customer dissatisfaction,,,,
24-Jun-21,Deluxe launches collaboration with Microsoft, Business Expansion, Deluxe Corp,United States,Customer dissatisfaction,,,,
07-Apr-21,New Wolters Kluwer payer tools boost health data analytics and member satisfaction payer analytics teams optimize clinical and claims data for advanced predictive models,Operations Update,Wolters Kluwer N.V.,Netherlands,Customer dissatisfaction,,,,
12-Jan-21,Saykara wins 2021 BIG Innovation Award for mobile AI technology that automates clinical charting,"Development, Launch & Termination",Saykara Inc,United States,Customer dissatisfaction,,,,
13-Nov-20,Anadolu Sigorta comes to you with door-to-door auto service,"Sales, Marketing & Advertisement",Anadolu Anonim Turk Sigorta Sirketi,Turkey,Customer dissatisfaction,,,,
04-Nov-20,Flaist adds analytics to digital experience platform,"Sales, Marketing & Advertisement",,United States,Customer dissatisfaction,,,,
24-Jun-20,Pear Therapeutics and RemedyOne announce pharmacy benefit manager coverage for prescription digital therapeutics reSET & reSET-O for people with substance and opioid use disorders,,Pear Therapeutics Inc,United States,Customer dissatisfaction,,,,
02-Jun-20,"New release of 3 types of AUTOBACS private brand ""AQ. AUTOBACS Quality.""","Development, Launch & Termination",AUTOBACS SEVEN Co Ltd,Japan,Customer dissatisfaction,,,,
23-Apr-20,Atera announces integration with Acronis for cyber backup, Business Expansion, Acronis Inc,United States,Customer dissatisfaction,,,,
30-Mar-20,Sony Bank launches English online banking for foreign residents in Japan,"Sales, Marketing & Advertisement",Sony Bank Inc.,Japan,Customer dissatisfaction,,,,
02-Mar-20,"ITO EN reports results for nine month period ended January 31, 2020",Financial Announcements,ITO EN Ltd,Japan,Customer dissatisfaction,,,,
26-Feb-20,King Khalid Airport signs BRS contract with ADB SAFEGATE,Contracts & Tenders, ADB SAFEGATE bvba,Saudi Arabia,Customer dissatisfaction,,,,
19-Feb-20,Collinson Airport Alliance launched for enhanced travel experience," Sales, Marketing & Advertisement",The Collinson Group Ltd,United States,Customer dissatisfaction,,,,
28-Jan-20,"Cisco Webex delivers AI, secure intelligent collaboration for all"," Sales, Marketing & Advertisement",Cisco Systems Inc,United States,Customer dissatisfaction,,,,
,,,,,Customer dissatisfaction,,,,
13-Jan-20,Zebra Technologies unveils new intelligent automation solution at NRF 2020,"Sales, Marketing & Advertisement",Zebra Technologies Corp,United States,Customer dissatisfaction,,,,
20-Nov-19,Amadeus and Sigfox partner to transform the travel industry’s tracking capabilities, Partnerships, Amadeus IT Group SA,Singapore,Customer dissatisfaction,,,,
19-Nov-19,Salesforce and Amazon Web Services expand global strategic partnership, Business Expansion, Amazon Web Services Inc,United States,Customer dissatisfaction,,,,
12-Nov-19,Olympus announces two upcoming live Endoscope Service Webinars,"Sales, Marketing & Advertisement",Olympus America Inc,United States,Customer dissatisfaction,,,,
09-Sep-19,NetForecast announces inflight connectivity experience monitoring solution for airlines and suppliers,"Sales, Marketing & Advertisement",,United States,Customer dissatisfaction,,,,
11-Jun-19,StaffConnect launches next-generation mobile employee engagement platform for the deskless workforce,"Sales, Marketing & Advertisement",Staffconnect Group Limited,United Kingdom,Customer dissatisfaction,,,,
05-Jun-19,Customers wait on average for over 10 weeks for insurance pay-outs,Economy & Industry,,United States,Customer dissatisfaction,,,,
16-May-19,kea secures funding to expand Voice AI phone order platform,Equity Offering,KEA CLOUD INC.,United States,Customer dissatisfaction,,,,
27-Feb-19,Metro Mining announces financial statements for the period ended 31 December 2018,Financial Announcements,Metro Mining Ltd,Australia,Customer dissatisfaction,,,,
01-Feb-19,Avoka Introduces Workspaces for Retail Banking," Sales, Marketing & Advertisement","Avoka Technologies Pty, Ltd.",Australia,Customer dissatisfaction,,,,
31-Jan-19,"Avoka, a Temenos Company, introduces workspaces for retail banking"," Development, Launch & Termination", Temenos AG,United States,Customer dissatisfaction,,,,
22-Jan-19,Plixer unifies security and network visibility with new FlowPro Probes and real-time DDoS detection,"Sales, Marketing & Advertisement",Plixer International Inc,United States,Customer dissatisfaction,,,,
17-Dec-18,Salsify puts product content control back in the hands of CPG brands with Instacart Direct Connection,"Development, Launch & Termination"," Salsify, Inc.",United States,Customer dissatisfaction,,,,
13-Dec-18,Swych introduces blockchain-powered global gifting and shopping platform,"Sales, Marketing & Advertisement",Swych Inc,United States,Customer dissatisfaction,,,,
25-Oct-18,CallMiner updates real-time speech analytics platform,"Development, Launch & Termination",CallMiner Inc,United States,Customer dissatisfaction,,,,
20-Sep-18,VisitPay announces release of VisitPay 3.0,"Development, Launch & Termination",VisitPay LLC,United States,Customer dissatisfaction,,,,
10-Sep-18,Clarify Health Solutions Raises $57 Million in Series B Financing Round Led by KKR,Private Equity, Clarify Health Solutions Inc,United States,Customer dissatisfaction,,,,
05-Jul-18,eToro MD: Blockchain tech could have helped prevent Visa outage,Economy & Industry, eToro Ltd.,Global,Customer dissatisfaction,,,,
12-Jun-18,Wipro and Opera Solutions Launch Solution to Detect and Address Fraud and Waste in US Healthcare Insurance Claims, Business Expansion, Wipro Ltd, United States,Customer dissatisfaction,,,,
08-Jun-18,Orange Belgium improves customer experience with launch of Voice over WiFi and Voice over 4G technologies,"Sales, Marketing & Advertisement",Orange Belgium SA,Belgium,Customer dissatisfaction,,,,
10-Apr-18,Pegasystems Introduces Pega GDPR Accelerator To Help Companies Fast Track Regulatory Readiness, Operations Update,Pegasystems Inc,United States,Customer dissatisfaction,,,,
20-Mar-18,Open Dealer Exchange and RouteOne to bridge finance & insurance solutions in automotive, Partnerships," Open Dealer Exchange, LLC",United States,Customer dissatisfaction,,,,
21-Feb-18,Verint Accelerates Workforce Engagement for Back-Office Operations with New Automation Capabilities,"Development, Launch & Termination",Verint Systems Inc,United States,Customer dissatisfaction,,,,
16-Feb-18,"Microsoft, Flyreel speed up insurance industry access to new AI-powered underwriting solution",,,United States,Customer dissatisfaction,,,,
06-Feb-18,Mitel Cloud Solutions Achieve HIPAA Certification,Legal,Mitel Networks Corp,Canada,Customer dissatisfaction,,,,
23-Jan-18,TNS launches critical roaming risk mitigation capabilities for operators,"Sales, Marketing & Advertisement",Transaction Network Services Inc,United States,Customer dissatisfaction,,,,
31-Oct-17,Avaya announces A.I.connect initiative to boost ecosystem of artificial intelligence technologies for enterprise communications,"Sales, Marketing & Advertisement",Avaya Inc,United States,Customer dissatisfaction,,,,
11-Oct-17,CloudGenix and Creative Technology Partners join forces to deliver SimplicIT-zero downtime networking, Business Expansion," Creative Technology Group, Inc.",United States,Customer dissatisfaction,,,,
27-Sep-17,Virtusa Partners with WorkFusion to Launch AI-Powered Bank Sanction Screening Solution for Financial Institutions, Partnerships, WorkFusion Inc,United States,Customer dissatisfaction,,,,
21-Sep-17,Cutting edge tech lab set to transfom nbn network experience,Operations Update,NBN Co Ltd,Australia,Customer dissatisfaction,,,,
15-Aug-17,Signifyd Recognized as Top Bay Area Cybersecurity Company,Awards & Recognition,Signifyd Inc,United States,Customer dissatisfaction,,,,
03-Aug-17,Nodaway Valley Bank selects Verifi's solution to combat fraud, Business Expansion, Verifi Inc, New Zealand,Customer dissatisfaction,,,,
14-Jun-17,"Verifi appoints Andrew Reszka to Regional Head, Australia/New Zealand & APAC",Management Changes,Verifi Inc, New Zealand,Customer dissatisfaction,,,,
07-Jun-17,Verifi & MegaCharge announces strategic partnership to combat global chargeback challenges, Partnerships, MegaCharge,United States,Customer dissatisfaction,,,,
22-Mar-17,SailPoint awarded U.S. Patent for securely managing identities from the cloud, Legal,,United States,Customer dissatisfaction,,,,
03-Jan-17,Veruna taps Duck Creek Technologies to transform download processing, Partnerships, Veruna LLC,United States,Customer dissatisfaction,,,,
15-Nov-16,New research from Aspect Software reveals half of U.S. Consumers ready to leave the brands they do business with,Operations Update,Alvaria Inc,United States,Customer dissatisfaction,,,,
03-Oct-16,British Airways announces partnership with Marks and Spencer,,,United Kingdom,Customer dissatisfaction,,,,
27-Sep-16,CELI launches new Sophia Semantic Engine 3.0: first class Text Analytics,"Sales, Marketing & Advertisement",Celi srl,Italy,Customer dissatisfaction,,,,
10-Feb-15,BT selects JDSU's network and service enablement solutions, Partnerships, Viavi Solutions Inc, United Kingdom,Customer dissatisfaction,,,,
09-Dec-14,Victrex: Preliminary Results 2014,Financial Announcements,Victrex Plc,United Kingdom,Customer dissatisfaction,,,,
23-Apr-14,"Greene County Bancorp reports net income for the nine and three months ended March 31, 2014 and is recognized by investment banking firm KBW for exceptional 10 year track record",Financial Announcements,"Greene County Bancorp, Inc.",United States,Customer dissatisfaction,,,,
19-Feb-14,"INDIA: Mahindra Reva reduces e2o price, introduces new scheme", Strategic Actions,Mahindra & Mahindra Ltd,India,Customer dissatisfaction,,,,
18-Apr-13,FRANCE: Renault network transforming and committing to new customer relationship,Strategic Actions,Renault SA,,Customer dissatisfaction,,,,
19-Jun-12,Convergys announces availability of new customer optimization solutions,"Development, Launch & Termination",Convergys Corporation (Inactive),United States,Customer dissatisfaction,,,,
26-Jan-10,CNA introduces new line of products for photographers and videographers,"Development, Launch & Termination",CNA Financial Corp,United States,Customer dissatisfaction,,,,
,,,,,,,,,
16-Jun-23,Anheuser-Busch InBev strives to return Bud Light conversation to beer,Strategic Actions,Anheuser-Busch InBev NV/SA,United States,Brand backlash,,,,
22-May-23,Adidas repairs China business after government dispute and market loss,Strategic Actions,adidas AG,China,Brand backlash,,,,
19-May-23,Appalachian Mountain Brewery founders buy back company from Anheuser-Busch InBev,M&A, Anheuser-Busch InBev NV/SA,United States,Brand backlash,,,,
05-May-23,Aldi goes green with fully recyclable handwash packaging,Operations Update,Aldi Einkauf GmbH & Co oHG,United Kingdom,Brand backlash,,,,
03-May-23,Anheuser-Busch InBev ‘offering free beer to distributors’ as Bud Light malaise persists,Strategic Actions,Anheuser-Busch InBev NV/SA,United States,Brand backlash,,,,
03-May-23,Molson Coors stays coy on Bud Light row impact as light beer brands grow in Q1,Financial Announcements,Molson Coors Beverage Co,United States,Brand backlash,,,,
28-Apr-23,Pernod Ricard “working to find the best way” to cease Russia exports,Strategic Actions,Pernod Ricard SA,Russia,Brand backlash,,,,
19-Apr-23,Heineken finds buyer for Russia assets,M&A,Heineken NV,Russia,Brand backlash,,,,
27-Feb-23,"Anheuser-Busch InBev move to local production has not impacted Stella Artois US sales, analysts say","Sales, Marketing & Advertisement",Anheuser-Busch InBev NV/SA,United States,Brand backlash,,,,
14-Nov-22,MINISO reports 4.5% rise in revenue for first quarter of FY23,Financial Announcements,,China,Brand backlash,,,,
05-Oct-22,This is caffeine evolved — Muscletech launches two new pre-workout products with exclusivity around Paraxanthine,"Development, Launch & Termination",Iovate Health Sciences International Inc, Canada,Brand backlash,,,,
29-Jun-22,H&M Group must boost fashion credentials to offset Covid impact,Financial Announcements,H & M Hennes & Mauritz AB,Sweden,Brand backlash,,,,
14-Apr-22,"Fast Retailing sees profits, sales jump despite China lag",Financial Announcements,Fast Retailing Co Ltd,Japan,Brand backlash,,,,
16-Nov-21,Octi launches groundbreaking social platform that rewards users for the content they create,"Sales, Marketing & Advertisement",Supermediafuture Corp,United States,Brand backlash,,,,
16-Aug-21,Mining and Metals companies accelerate focus on sustainability, Business Expansion, Schneider Electric Australia Pty Ltd, United Kingdom,Brand backlash,,,,
13-Aug-21,Beijing accelerates plan to keep smart car data in China,Economy & Industry,Tesla Inc,China,Brand backlash,,,,
25-Jun-21,Digital and DTC enable Nike to bounce back,Financial Announcements,NIKE Inc,United States,Brand backlash,,,,
14-May-21,Burberry reinstates dividend as full-price sales grow,"Sales, Marketing & Advertisement",Burberry Group Plc,United Kingdom,Brand backlash,,,,
23-Mar-21,"Impact Acquires Trackonomics, Boosts Publisher Commerce Content Capabilities",M&A,Impact Radius Inc, United States,Brand backlash,,,,
18-Mar-21,Jaclyn Hill launches new poutspoken lip collection,"Development, Launch & Termination","Jaclyn, Inc.",United States,Brand backlash,,,,
25-Oct-20,Oppo may increase its investments in India,Business Expansion,Oppo,India,Brand backlash,,,,
19-Jun-20,Dongpeng Beverage Group: Global alliance of Chinese top brands is established to make a breakthrough on overseas sales channels,"Sales, Marketing & Advertisement",Dongpeng Beverage Group Co Ltd,China,Brand backlash,,,,
13-May-19,Nestle is changing the Milo recipe back in New Zealand after backlash,"Development, Launch & Termination",Nestle SA,New Zealand,Brand backlash,,,,
15-Feb-19,Business climate stops sale of Ambrosia desert brand,Operations Update, Ambrosia,United Kingdom,Brand backlash,,,,
16-Apr-18,American Apparel returns to UK after two years,Strategic Actions,"American Apparel, Inc.",United Kingdom,Brand backlash,,,,
08-Mar-18,McDonald’s celebrates International Women’s Day with special packaging,"Sales, Marketing & Advertisement",McDonald's Corp,United States,Brand backlash,,,,
19-Jan-18,H&M appoints a global diversity leader to avoid future scandals,Management Changes,H & M Hennes & Mauritz AB,Sweden,Brand backlash,,,,
04-Nov-15,Honda Motor launches new 16YM Honda CRF1000L Africa Twin,,,Japan,Brand backlash,,,,
28-Apr-15,"UK: New Jaguar XE now available to order from starting price of GBP26,990","Development, Launch & Termination",Tata Motors Ltd,,Brand backlash,,,,
07-Sep-14,Micromax to launch an affordable smartphone tomorrow exclusively on Snapdeal," Development, Launch & Termination", Snapdeal Pvt Ltd,India,Brand backlash,,,,
,,,,,,,,,
19-Jul-22,Alexander Barrett Successful in Bid Protests Involving Missouri Department of Revenue,,Stinson Leonard Street LLP,United States,Consumer protest,,,,
28-Oct-21,H&M teams up with actor John Boyega on men's collection that pushes style & sustainability, Contracts & Tenders,H & M Hennes & Mauritz AB,United States,Consumer protest,,,,
01-Jul-21,US on-premise recovering faster than expected - Constellation Brands CEO,"Sales, Marketing & Advertisement",Constellation Brands Inc,United States,Consumer protest,,,,
15-Jun-20,"Consumers Energy Foundation provides $100,000 to support social justice and racial equality efforts in Michigan",Operations Update,Consumers Energy Co,United States,Consumer protest,,,,
27-May-20,Ralph Lauren reports fourth quarter and full year fiscal 2020 results,Financial Announcements,Ralph Lauren Corp,United States,Consumer protest,,,,
15-May-20,General Moly announces Q1 2020 results,Financial Announcements,General Moly Inc (Inactive),United States,Consumer protest,,,,
27-Feb-20,"Massmart announces results for 52 weeks ended December 29, 2019",Financial Announcements,Massmart Holdings Ltd,South Africa,Consumer protest,,,,
19-Nov-19,General Moly posts Q3 2019 financial results,Financial Announcements,General Moly Inc (Inactive),United States,Consumer protest,,,,
01-Oct-19,Nissan confirms commitment to South Korean market,Strategic Actions,Nissan Motor Co Ltd,South Korea,Consumer protest,,,,
14-May-19,General Moly reaches settlement with final protester to clear a path to Mt. Hope Project water permits,Legal, U.S. Bureau of Land Management,United States,Consumer protest,,,,
15-Mar-19,UK Oil & Gas announces final results for year ended 30 September 2018,Financial Announcements,UK Oil & Gas Plc,United Kingdom,Consumer protest,,,,
05-Mar-19,Proseal launches new sealing and peeling test system,"Development, Launch & Termination",Proseal uk Ltd,United Kingdom,Consumer protest,,,,
22-Jan-18,Lonmin Provides 2017 Final Results Announcement,Financial Announcements,Lonmin Ltd (Inactive),United Kingdom,Consumer protest,,,,
28-Oct-17,Abbasi Defends LNG Contract With Qatar,Economy & Industry, Sui Southern Gas Co Ltd, Qatar,Consumer protest,,,,
24-Nov-14,Los Alamos Board of Public Utilities Strikes Down Net Metering Charge; Sets Positive Precedent for Renewable Energy,Legal,Positive Energy Solar,United States,Consumer protest,,,,
,,,,,,,,,
934,,,,,Customer resistance,,,,
,,,,,,,,,
161,,,,,Negative customer sentiment,,,,
,,,,,,,,,
03-May-23,Anheuser-Busch InBev ‘offering free beer to distributors’ as Bud Light malaise persists,Strategic Actions,Anheuser-Busch InBev NV/SA,United States,Backlash campaign,,,,
05-Apr-23,UAE plans oil and gas expansion as it readies itself to host COP28,Business Expansion,Abu Dhabi National Oil Co, Middle East and Africa,Backlash campaign,,,,
27-Feb-23,"Anheuser-Busch InBev move to local production has not impacted Stella Artois US sales, analysts say","Sales, Marketing & Advertisement",Anheuser-Busch InBev NV/SA,United States,Backlash campaign,,,,
05-Oct-22,This is caffeine evolved — Muscletech launches two new pre-workout products with exclusivity around Paraxanthine,"Development, Launch & Termination",Iovate Health Sciences International Inc, Canada,Backlash campaign,,,,
20-Jan-22,"Amazon Style: Will customers get into a ""magic wardrobe"" leading to a new retail world?",Operations Update,Amazon.com Inc,United States,Backlash campaign,,,,
28-Jan-20,The Brexit coin: a controversial beginning,Economy & Industry,,United Kingdom,Backlash campaign,,,,
18-Sep-19,Sirius Minerals pulls out of $500m bond issue,Legal, North York Moors National Park Authority,United Kingdom,Backlash campaign,,,,
16-Apr-18,American Apparel returns to UK after two years,Strategic Actions,"American Apparel, Inc.",United Kingdom,Backlash campaign,,,,
,,,,,,,,,
25-May-22,"Tech advances could aid global food system, says specialist investor Anterra Capital",Operations Update,Anterra Capital, Netherlands,Consumer pushback,,,,
30-Mar-22,Data Privacy in Banking: Regulatory trends,Economy & Industry,,Global,Consumer pushback,,,,
31-Jan-22,Open Banking: Macroeconomic trends,,,Global,Consumer pushback,,,,
26-Jun-19,Jabil Packaging Solutions launches new Sustainable Packaging Services; accelerates sustainable packaging innovation,"Sales, Marketing & Advertisement",Jabil Inc,United States,Consumer pushback,,,,
24-Sep-18,Twinlode Automation provides warehouse solutions to AB Beverage,Operations Update, Anheuser-Busch InBev NV/SA,United States,Consumer pushback,,,,
,,,,,,,,,
11-Oct-22,"Uproar PR announces addition of customer experience management company, OvationCXM",Business Expansion,"Uproar PR, LLC",United States,Customer uproar,,,,
07-Apr-18,Jumio and Insights Network join hands to deliver “Passport” for blockchain projects, Business Expansion,Jumio Corporation,United States,Customer uproar,,,,
,,,,,,,,,
09-Jun-23,Constellation Brands’ Modelo Especial surpasses Bud Light in the US,"Sales, Marketing & Advertisement",Constellation Brands Inc,United States,Brand boycott,,,,
03-May-23,Anheuser-Busch InBev ‘offering free beer to distributors’ as Bud Light malaise persists,Strategic Actions,Anheuser-Busch InBev NV/SA,United States,Brand boycott,,,,
30-Sep-22,Nike Inc Q1 profits slide on increased costs,Financial Announcements,NIKE Inc,United States,Brand boycott,,,,
16-Mar-22,Thatchers targets export growth with Sovereign Beverage Co tie-up, Business Expansion, Sovereign Beverage Company Ltd., United Kingdom,Brand boycott,,,,
15-Mar-22,Nola Distillery readies Made in the USA vodka, Operations Update,,United States,Brand boycott,,,,
09-Mar-22,Adidas issues upbeat FY22 revenue forecast despite Russia effect,Financial Announcements,adidas AG,Germany,Brand boycott,,,,
21-Dec-21,Nike remains resilient as it weathers supply chain crisis,Financial Announcements,NIKE Inc,United States,Brand boycott,,,,
24-Sep-21,Nike growth set to slow as supply chain issues bite,Financial Announcements,NIKE Inc,United States,Brand boycott,,,,
08-Jul-21,Nike vows to stay put in China as boycott hits share,Strategic Actions,NIKE Inc, United States,Brand boycott,,,,
11-Mar-21,South Korean imports rise by 33% in February,Economy & Industry,,South Korea,Brand boycott,,,,
11-Feb-21,South Korean imports rise 27% in January,Economy & Industry,,South Korea,Brand boycott,,,,
12-Jan-21,South Korean imports rise 12% in 2020,Economy & Industry,,South Korea,Brand boycott,,,,
15-Dec-20,South Korean import sales rise 7.5% in November,Economy & Industry,,South Korea,Brand boycott,,,,
12-Nov-20,MediaMath announces full support for Twitter Social Display Ads through partnership with Spaceback, Business Expansion,MEdiaMAth Inc,United States,Brand boycott,,,,
11-Nov-20,South Korean import sales rise 10% in October,Economy & Industry,,South Korea,Brand boycott,,,,
12-Oct-20,South Korean import sales rise 8% in September,Economy & Industry,,South Korea,Brand boycott,,,,
14-Sep-20,BrandTotal raises $12m in Series B investment round,Equity Offering,BrandTotal Ltd.,Israel,Brand boycott,,,,
10-Sep-20,South Korean import sales jump 21% in August,Economy & Industry,,South Korea,Brand boycott,,,,
11-Aug-20,South Korean import sales rise 2% in July,Economy & Industry,,South Korea,Brand boycott,,,,
13-Jul-20,South Korean import sales jump 41% in June,Economy & Industry,,South Korea,Brand boycott,,,,
10-Jun-20,South Korean import sales jump 19% in May,Economy & Industry,,South Korea,Brand boycott,,,,
12-May-20,South Korean import sales jump 26% in April,Economy & Industry,,South Korea,Brand boycott,,,,
14-Apr-20,South Korean import sales rise 12% in March,Economy & Industry,,South Korea,Brand boycott,,,,
10-Mar-20,South Korean import sales rise 5% in February,Economy & Industry,,South Korea,Brand boycott,,,,
10-Jan-20,South Korean import sales jump 47% in December,Economy & Industry,,South Korea,Brand boycott,,,,
16-Dec-19,South Korean import sales rise in November,Economy & Industry,,South Korea,Brand boycott,,,,
11-Nov-19,South Korean import sales rise in October,Economy & Industry,,South Korea,Brand boycott,,,,
10-Oct-19,South Korean import sales jump in September despite Japanese boycott,Economy & Industry,,South Korea,Brand boycott,,,,
27-Feb-19,"Mexichem has posted another quarter with Double-Digit growth In Revenue and Consolidated net and majority income, reaching its EBITDA guidance for 2018",Financial Announcements,Orbia Advance Corp SAB de CV,Mexico,Brand boycott,,,,
,,,,,,,,,
12-Jul-21,Revolt Motors begins delivering new batch of electric bikes to customers,Operations Update,Revolt Motors,India,customer revolt,,,,
05-Jul-21,Revolt Motors announces online vehicle tracking system for bike delivery,"Sales, Marketing & Advertisement",Revolt Motors,India,customer revolt,,,,
14-Apr-21,Alternet Systems releases update from RevoltTOKEN,Operations Update, Alternet Systems Inc,United States,customer revolt,,,,
07-Oct-20,Northvolt invests $750 million to establish world’s first R&D campus covering the entire battery ecosystem,Business Expansion,Northvolt AB,Sweden,customer revolt,,,,
24-Sep-20,Comcast and REVOLT reach agreement to expand network’s availability to millions more viewers in over 30 markets, Contracts & Tenders, Comcast Corp,United States,customer revolt,,,,
21-Sep-20,ALYI announces expansion of electric vehicle footprint in Sub-Saharan East Africa, Business Expansion, Alternet Systems Inc,United States,customer revolt,,,,
14-Sep-20,"ALYI to release new EV order details anticipated to increase revenue from $300M to $500 this Thursday, September 17, 2020", Partnerships, Alternet Systems Inc,United States,customer revolt,,,,
11-Sep-20,ALYI announces LOI for new EV fleet order - revenue outlook anticipated to increase to $500 Million, Partnerships, ReVolt Electric Motorbikes,United States,customer revolt,,,,
02-Dec-19,Revolt Intellicorp starts delivery of RV400 in Pune,Operations Update,Revolt Intellicorp Pvt Ltd,India,customer revolt,,,,
11-Feb-19,Bevy acquires CMX to Address Growing Demand for Real-Life Social Networks,M&A," Bevy, Inc.",United States,customer revolt,,,,
15-Nov-18,Comcast announces agreements with two new African American majority owned independent networks, Partnerships,Comcast Corp,United States,customer revolt,,,,
,,,,,,,,,
14-Feb-23,Walmart 'kicks back at CPG manufacturers over price hikes'," Sales, Marketing & Advertisement",Walmart Inc,United States,Consumer outrage,,,,
06-Apr-21,Naturalizer expands its True Colors collection to celebrate diversity of all women,"Development, Launch & Termination", Caleres Inc,United States,Consumer outrage,,,,
,,,,,,,,,
09-Jun-23,Constellation Brands’ Modelo Especial surpasses Bud Light in the US,"Sales, Marketing & Advertisement",Constellation Brands Inc,United States,Brand fallout,,,,
09-May-23,Omega Accounting Solutions and Chicago Cubs Announce Partnership, Business Expansion,Chicago Cubs,United States,Brand fallout,,,,
09-May-23,COVERGIRL introduces new addition to Last Blast family,"Development, Launch & Termination",Coty Inc,United States,Brand fallout,,,,
05-May-23,VW Group sees revenue rebound in Q1,Financial Announcements,Volkswagen AG,Germany,Brand fallout,,,,
28-Apr-23,Cenntro Electric Group to Unveil Logimax 650 All Electric Class 6 Truck at WasteExpo 2023,Operations Update,,United States,Brand fallout,,,,
21-Mar-23,Adobe announces new Sensei GenAI services to reimagine end to end marketing workflows,"Development, Launch & Termination",ADOBE Inc,United States,Brand fallout,,,,
17-Feb-23,Mercedes Group sales and profits rise in 2023,Financial Announcements,Mercedes-Benz Group AG,Germany,Brand fallout,,,,
02-Feb-23,208 tips Golf off perch after 14 years,Economy & Industry,,United Kingdom,Brand fallout,,,,
16-May-22,"Allego, a Leading Pan-European Public EV Fast Charging Network, Exceeds Revenue and Operational EBITDA Targets for 2021; First Quarter of 2022 Operating Dynamics Remain Robust",Financial Announcements, ICR Capital LLC, United States,Brand fallout,,,,
04-May-22,Storebrand Asset Management announces first quarter 2022 business update,Financial Announcements, Storebrand ASA,Norway,Brand fallout,,,,
03-May-22,William Grant & Sons auctions rare Glenfiddich whisky to support Ukraine,"Development, Launch & Termination",William Grant & Sons Ltd, Ukraine,Brand fallout,,,,
21-Apr-22,MS Walker Brands debuts new Grand Mayan Tequila expressions,"Development, Launch & Termination",Walker & Co Brands Inc,United States,Brand fallout,,,,
19-Apr-22,William Grant & Sons rolls out Batch & Bottle RTDs to US,"Development, Launch & Termination",William Grant & Sons Ltd,United States,Brand fallout,,,,
14-Apr-22,Diageo unveils Astral Tequila Blanco makeover in US - Tequila & mezcal in the US data,"Development, Launch & Termination",Diageo Plc,United States,Brand fallout,,,,
14-Apr-22,Cuervo’s Jose Cuervo Tradicional Cristalino - Product Launch,"Development, Launch & Termination","Jose Cuervo International, Inc.",United States,Brand fallout,,,,
12-Apr-22,Halewood Artisanal Spirits’ Samuel Gelston’s Cream Liqueur - Product Launch,"Development, Launch & Termination",Halewood Artisanal Spirits (UK) Ltd,United Kingdom,Brand fallout,,,,
30-Mar-22,Constellation Brands' Next Round Cocktails boxed wine RTDs - Product Launch,"Development, Launch & Termination",Constellation Brands Inc,United States,Brand fallout,,,,
29-Mar-22,"Mast-Jägermeister volumes leap 25% in 2021 but ""significant unknowns"" loom in 2022 - trading update",Financial Announcements,Mast-Jagermeister SE,Germany,Brand fallout,,,,
29-Mar-22,Proximo Spirits' The Kraken Roast Coffee flavoured spiced rum,"Development, Launch & Termination",Proximo Spirits,United Kingdom,Brand fallout,,,,
24-Mar-22,Speyside Distillers adds limited line to Spey single malt,"Development, Launch & Termination",Speyside Distillery Company Ltd,United Kingdom,Brand fallout,,,,
24-Mar-22,Stoli Group brings Kentucky Owl's The Wiseman Bourbon to UK,"Development, Launch & Termination",Stoli Group,United Kingdom,Brand fallout,,,,
23-Mar-22,Campari Group opens ultra-premium tasting area in Singapore,Business Expansion,Davide Campari-Milano NV,Singapore,Brand fallout,,,,
22-Mar-22,Lobos 1707 hits Canada with Tequila portfolio brace - Tequila & mezcal volumes in Canada data,"Development, Launch & Termination",,Canada,Brand fallout,,,,
21-Mar-22,Edrington’s The Famous Grouse The Famous One - Product Launch - Blended Scotch in the UK data,"Development, Launch & Termination",The Edrington Group Ltd,United Kingdom,Brand fallout,,,,
02-Feb-22,Connected2Fiber is now Connectbase,"Development, Launch & Termination",Connected2Fiber,United States,Brand fallout,,,,
16-Nov-21,Strauss Group announces a strong quarter with NIS 2.3 billion in revenue, Financial Announcements,Strauss Group Ltd,Israel,Brand fallout,,,,
12-Oct-21,C13Originals partners with Campside Media for investigative documentary podcast series about the Dark Secrets of Victoria’s Secret, Business Expansion, Campside Media,United States,Brand fallout,,,,
17-Sep-21,AM Best Upgrades Issuer Credit Ratings of Highmark Inc. and Its Subsidiaries,Operations Update,A.M. Best Company Inc.,United States,Brand fallout,,,,
16-Aug-21,Lynden Transport earns 25th Quest for Quality award,Awards & Recognition,Lynden Incorporated,United States,Brand fallout,,,,
11-Aug-21,DH2i announces launch of Developer Editions of DxEnterprise and DxOdyssey software,"Development, Launch & Termination",DH2i,United States,Brand fallout,,,,
02-Aug-21,Keyavi Data receives four Black Unicorn awards at Black Hat’s annual conference in Las Vegas,Awards & Recognition,Keyavi Data,United States,Brand fallout,,,,
26-Jul-21,Nutra Pharma provides business and compliance updates,Operations Update,Nutra Pharma Corp,United States,Brand fallout,,,,
08-Apr-21,"Bank of Nevis launches branch in Basseterre, St Kitts",Business Expansion,The Bank of Nevis Ltd.,Saint Kitts and Nevis,Brand fallout,,,,
05-Feb-21,Blockchain start-up Retraced raises another EUR1m in funding,Equity Offering,,Myanmar,Brand fallout,,,,
04-Feb-21,JD Sports share placing adds firepower for more M&A,Equity Offering,JD Sports Fashion Plc,United Kingdom,Brand fallout,,,,
03-Feb-21,Ping An reports steady YoY growth of 4.9% in operating profit attributable to shareholders of the parent company in 2020,Financial Announcements,Ping An Insurance (Group) Company of China Ltd,China,Brand fallout,,,,
28-Jan-21,"Provident Bancorp announces net income for three months ended December 31, 2020",Financial Announcements,Provident Bancorp Inc,United States,Brand fallout,,,,
26-Jan-21,JD Sports explores funding options to fuel expansion,Equity Offering,JD Sports Fashion Plc,United Kingdom,Brand fallout,,,,
07-Jan-21,Lindemans Brewery readies Lambic Variety Pack for US,"Development, Launch & Termination",,United States,Brand fallout,,,,
14-Dec-20,Vietnam eyes US$55bn in clothing exports by 2025,Economy & Industry,,Vietnam,Brand fallout,,,,
28-Jul-20,New Boohoo-owned factory planned for Leicester ahead of supply chain review,Operations Update,Boohoo Group Plc,United Kingdom,Brand fallout,,,,
17-Jul-20,"Provident Bancorp announces net income for three months ended June 30, 2020",Financial Announcements,Provident Bancorp Inc,United States,Brand fallout,,,,
17-Jun-20,Boohoo share prices surge following Oasis and Warehouse acquisition,M&A, Oasis and Warehouse Ltd, Europe,Brand fallout,,,,
11-May-20,Playa Hotels & Resorts reports first quarter 2020 results,Financial Announcements,Playa Hotels & Resorts NV,Netherlands,Brand fallout,,,,
08-May-20,MYOS RENS Technology reports first quarter 2020 financial results including a 95% increase in net revenues,Financial Announcements,MedAvail Holdings Inc,United States,Brand fallout,,,,
30-Apr-20,Norwegian Finans Holding reports strong financial performance in an uncertain environment,Financial Announcements,Norwegian Finans Holding ASA,Norway,Brand fallout,,,,
08-Apr-20,Ornua delivers strong 2019 performance with operating profit up 21.5%,Financial Announcements,Ornua Co-operative Ltd,Ireland,Brand fallout,,,,
27-Mar-20,Nomad Foods sees Covid-19 boost sales in Italy,"Sales, Marketing & Advertisement",Nomad Foods Ltd,Italy,Brand fallout,,,,
17-Mar-20,COVID-19 fallout drives major increases for Driven's online cannabis sales,"Sales, Marketing & Advertisement","Driven Deliveries, Inc",United States,Brand fallout,,,,
23-Oct-19,Adobe extends digital experience product portfolio to serve mid-market and SMB business needs,Operations Update,ADOBE Inc,United States,Brand fallout,,,,
18-Dec-18,Big Picture Entertainment celebrates record growth & expands brand marketing capabilities,Business Expansion,"Big Picture Entertainment, LLC",United States,Brand fallout,,,,
30-Nov-18,Trump tariffs prompt Ford to speed plans to build Lincoln in China," Development, Launch & Termination",Ford Motor Co,China,Brand fallout,,,,
03-Oct-18,Walmart introduces new in-store collectibles destination with new and exclusive products that are licensed to thrill,Business Expansion,Walmart Inc,United States,Brand fallout,,,,
24-Sep-18,Volkswagen trains developers in-house in digital reinvention drive, Operations Update, Volkswagen AG, Germany,Brand fallout,,,,
26-Jan-16,VW's labor leader rebuffs productivity drive,Strategic Actions,Volkswagen AG,,Brand fallout,,,,
